{
    "12": [
        [
            "Obsidian",
            "Furious Chicken",
            "Mycelic Morphoid",
            "Regal Peryton",
            "Khmer Princess"
        ]
    ],
    "13": [
        [
            "Wizard of Eastwood",
            "Mycelic Infantry",
            "Khmer Princess"
        ]
    ],
    "14": [
        [
            "Thaddius Brood",
            "Cursed Windeku",
            "Death Elemental",
            "Cursed Slimeball"
        ]
    ],
    "15": [
        [
            "Wizard of Eastwood",
            "Unicorn Mustang",
            "Goblin Thief"
        ],
        [
            "Wizard of Eastwood",
            "Unicorn Mustang",
            "Xenith Archer",
            "Khmer Princess"
        ]
    ],
    "16": [
        [
            "Obsidian",
            "Hill Giant",
            "Failed Summoner",
            "Khmer Princess",
            "Regal Peryton"
        ]
    ],
    "17": [
        [
            "Thaddius Brood",
            "Cursed Slimeball",
            "Cursed Windeku",
            "Death Elemental",
            "Life Sapper"
        ]
    ],
    "18": [
        [
            "Wizard of Eastwood",
            "Unicorn Mustang",
            "Regal Peryton",
            "Khmer Princess"
        ]
    ],
    "19": [
        [
            "Wizard of Eastwood",
            "Unicorn Mustang",
            "Mycelic Morphoid",
            "Khmer Princess",
            "Regal Peryton"
        ]
    ],
    "20": [
        [
            "Thaddius Brood",
            "Carrion Shade",
            "Cursed Slimeball",
            "Riftwing",
            "Death Elemental",
            "Undead Badger",
            "Silent Sha-vi"
        ]
    ],
    "21": [
        [
            "Kelya Frendul",
            "Serpent of Eld",
            "Chaos Agent",
            "Merdaali Guardian",
            "Scavo Hireling",
            "Ice Pixie",
            "Albatross"
        ]
    ],
    "22": [
        [
            "Kelya Frendul",
            "Cruel Sethropod",
            "Deeplurker",
            "Hardy Stonefish",
            "Ice Pixie",
            "Xenith Archer",
            "Kulu Swimhunter"
        ]
    ],
    "23": [
        [
            "Obsidian",
            "Unicorn Mustang",
            "Chaos Agent",
            "Failed Summoner",
            "Mycelic Morphoid",
            "Khmer Princess",
            "Regal Peryton"
        ]
    ],
    "24": [
        [
            "Kelya Frendul",
            "Serpent of Eld",
            "Merdaali Guardian",
            "Kulu Swimhunter",
            "Angelic Mandarin",
            "Albatross",
            "Ice Pixie"
        ]
    ],
    "25": [
        [
            "General Sloan",
            "Shieldbearer",
            "Gargoya Scrapper",
            "Time Mage",
            "Xenith Archer",
            "Pelacor Arbalest"
        ]
    ],
    "26": [
        [
            "Obsidian",
            "Unicorn Mustang",
            "Mycelic Morphoid",
            "Goblin Psychic",
            "Khmer Princess",
            "Venari Spellsmith",
            "Chaos Agent"
        ]
    ],
    "27": [
        [
            "Kelya Frendul",
            "Serpent of Eld",
            "Deeplurker",
            "Merdaali Guardian",
            "Scavo Hireling",
            "Feasting Seaweed"
        ]
    ],
    "28": [
        [
            "Kelya Frendul",
            "Serpent of Eld",
            "Deeplurker",
            "Merdaali Guardian",
            "Scavo Hireling",
            "Feasting Seaweed",
            "Albatross"
        ]
    ],
    "29": [
        [
            "Tarsa",
            "Radiated Scorcher",
            "Living Lava",
            "Radiated Brute",
            "Parasitic Growth",
            "Serpentine Spy",
            "Tenyii Striker"
        ]
    ],
    "30": [
        [
            "Obsidian",
            "Unicorn Mustang",
            "Mycelic Morphoid",
            "Khmer Princess",
            "Elven Mystic",
            "Goblin Psychic",
            "Regal Peryton"
        ]
    ],
    "99": [
        [
            "Obsidian",
            "Venari Knifer",
            "Unicorn Mustang",
            "Regal Peryton",
            "Mycelic Slipspawn",
            "Khmer Princess",
            "Goblin Psychic"
        ]
    ]
}